sample_id,dataset_type,metal_label,concentration,baseline_intensity,response_intensity,baseline_peak_wavelength_nm,response_peak_wavelength_nm,response_peak_width_nm,spectral_skewness,spectral_kurtosis
DEMO-000,SYNTHETIC_DEMO,None,0.0,100.0,99.5,450.0,450.1,32.0,0.10,2.90
DEMO-001,SYNTHETIC_DEMO,None,0.0,100.0,98.8,450.0,449.9,33.0,0.08,2.85
DEMO-002,SYNTHETIC_DEMO,None,0.0,100.0,100.4,450.0,450.0,31.5,0.12,3.05
DEMO-PB-001,SYNTHETIC_DEMO,Pb,1.0,100.0,92.0,450.0,452.0,35.0,0.18,3.20
DEMO-PB-002,SYNTHETIC_DEMO,Pb,5.0,100.0,78.0,450.0,456.0,39.0,0.25,3.60
DEMO-PB-003,SYNTHETIC_DEMO,Pb,10.0,100.0,61.0,450.0,461.0,45.0,0.34,4.10
DEMO-HG-001,SYNTHETIC_DEMO,Hg,1.0,100.0,90.0,450.0,448.0,34.0,-0.16,3.10
DEMO-HG-002,SYNTHETIC_DEMO,Hg,5.0,100.0,73.0,450.0,445.0,38.0,-0.24,3.50
DEMO-HG-003,SYNTHETIC_DEMO,Hg,10.0,100.0,55.0,450.0,441.0,43.0,-0.31,4.00
DEMO-CD-001,SYNTHETIC_DEMO,Cd,1.0,100.0,94.0,450.0,454.0,36.0,0.42,3.25
DEMO-CD-002,SYNTHETIC_DEMO,Cd,5.0,100.0,82.0,450.0,459.0,41.0,0.51,3.70
DEMO-CD-003,SYNTHETIC_DEMO,Cd,10.0,100.0,68.0,450.0,464.0,47.0,0.63,4.20
DEMO-CR-001,SYNTHETIC_DEMO,Cr,1.0,100.0,93.0,450.0,447.0,35.5,-0.38,3.15
DEMO-CR-002,SYNTHETIC_DEMO,Cr,5.0,100.0,80.0,450.0,444.0,40.0,-0.49,3.65
DEMO-CR-003,SYNTHETIC_DEMO,Cr,10.0,100.0,64.0,450.0,439.0,46.0,-0.58,4.15
DEMO-CU-001,SYNTHETIC_DEMO,Cu,1.0,100.0,95.0,450.0,451.0,33.5,0.29,3.05
DEMO-CU-002,SYNTHETIC_DEMO,Cu,5.0,100.0,85.0,450.0,453.0,37.0,0.36,3.40
DEMO-CU-003,SYNTHETIC_DEMO,Cu,10.0,100.0,72.0,450.0,457.0,42.0,0.45,3.90
